{
    "events" : [
{ "time" : "0", "event_type" : "arrival", "task_name" : "Task 1","arrival_time" : "0"},
{ "time" : "0", "event_type" : "arrival", "task_name" : "Task 2","arrival_time" : "0"},
{ "time" : "0", "event_type" : "scheduled", "task_name" : "Task 1","arrival_time" : "0"},
{ "time" : "100", "event_type" : "arrival", "task_name" : "Task 1","arrival_time" : "0"},
{ "time" : "100", "event_type" : "dline_miss", "task_name" : "Task 1","arrival_time" : "0"},
{ "time" : "200", "event_type" : "end_instance", "task_name" : "Task 1","arrival_time" : "0"},
{ "time" : "200", "event_type" : "arrival", "task_name" : "Task 3","arrival_time" : "200"},
{ "time" : "200", "event_type" : "arrival", "task_name" : "Task 2","arrival_time" : "0"},
{ "time" : "200", "event_type" : "dline_miss", "task_name" : "Task 2","arrival_time" : "0"},
{ "time" : "200", "event_type" : "arrival", "task_name" : "Task 1","arrival_time" : "100"},
{ "time" : "200", "event_type" : "dline_miss", "task_name" : "Task 1","arrival_time" : "100"},
{ "time" : "200", "event_type" : "scheduled", "task_name" : "Task 1","arrival_time" : "100"},
{ "time" : "300", "event_type" : "arrival", "task_name" : "Task 1","arrival_time" : "100"},
{ "time" : "300", "event_type" : "dline_miss", "task_name" : "Task 1","arrival_time" : "100"},
{ "time" : "400", "event_type" : "end_instance", "task_name" : "Task 1","arrival_time" : "100"},
{ "time" : "400", "event_type" : "arrival", "task_name" : "Task 3","arrival_time" : "200"},
{ "time" : "400", "event_type" : "dline_miss", "task_name" : "Task 3","arrival_time" : "200"},
{ "time" : "400", "event_type" : "arrival", "task_name" : "Task 2","arrival_time" : "0"},
{ "time" : "400", "event_type" : "dline_miss", "task_name" : "Task 2","arrival_time" : "0"},
{ "time" : "400", "event_type" : "arrival", "task_name" : "Task 1","arrival_time" : "200"},
{ "time" : "400", "event_type" : "dline_miss", "task_name" : "Task 1","arrival_time" : "200"},
{ "time" : "400", "event_type" : "scheduled", "task_name" : "Task 1","arrival_time" : "200"},
{ "time" : "500", "event_type" : "arrival", "task_name" : "Task 1","arrival_time" : "200"}] }
